{"cameraMode":{"drawMode":0,"name":"Shaded","section":"Shading Mode"},"sceneLighting":true,"audioPlay":false,"sceneViewState":{"m_AlwaysRefresh":false,"showFog":true,"showSkybox":true,"showFlares":true,"showImageEffects":true,"showParticleSystems":true,"showVisualEffectGraphs":true,"m_FxEnabled":true},"in2DMode":false,"pivot":{"x":49.76727294921875,"y":312.2459411621094,"z":-287.2678527832031},"rotation":{"x":0.3869399428367615,"y":-0.027656564489006997,"z":0.011611411347985268,"w":0.9216152429580689},"size":11.878044128417969,"orthographic":true}