{"cameraMode":{"drawMode":0,"name":"Shaded","section":"Shading Mode"},"sceneLighting":true,"audioPlay":false,"sceneViewState":{"m_AlwaysRefresh":false,"showFog":true,"showSkybox":true,"showFlares":true,"showImageEffects":true,"showParticleSystems":true,"showVisualEffectGraphs":true,"m_FxEnabled":true},"in2DMode":false,"pivot":{"x":46.70525360107422,"y":15.665142059326172,"z":-1.1411714553833008},"rotation":{"x":0.4546392858028412,"y":0.030930785462260248,"z":-0.01594282127916813,"w":0.8901700377464294},"size":9.968600273132325,"orthographic":false}