{"cameraMode":{"drawMode":0,"name":"Shaded","section":"Shading Mode"},"sceneLighting":true,"audioPlay":false,"sceneViewState":{"m_AlwaysRefresh":false,"showFog":true,"showSkybox":true,"showFlares":true,"showImageEffects":true,"showParticleSystems":true,"showVisualEffectGraphs":true,"m_FxEnabled":true},"in2DMode":false,"pivot":{"x":1.0287574529647828,"y":2.5312020778656008,"z":-0.9431718587875366},"rotation":{"x":0.25840288400650027,"y":0.20924490690231324,"z":-0.0574660487473011,"w":0.9413610100746155},"size":8.084450721740723,"orthographic":true}