{"cameraMode":{"drawMode":0,"name":"Shaded","section":"Shading Mode"},"sceneLighting":true,"audioPlay":false,"sceneViewState":{"m_AlwaysRefresh":false,"showFog":true,"showSkybox":true,"showFlares":true,"showImageEffects":true,"showParticleSystems":true,"showVisualEffectGraphs":true,"m_FxEnabled":true},"in2DMode":false,"pivot":{"x":0.6077008843421936,"y":1.478168249130249,"z":-2.958390712738037},"rotation":{"x":0.24628202617168427,"y":-0.035722557455301288,"z":0.009041469544172287,"w":0.9685247540473938},"size":2.8695366382598879,"orthographic":true}