{"cameraMode":{"drawMode":0,"name":"Shaded","section":"Shading Mode"},"sceneLighting":true,"audioPlay":false,"sceneViewState":{"m_AlwaysRefresh":false,"showFog":true,"showSkybox":true,"showFlares":true,"showImageEffects":true,"showParticleSystems":true,"showVisualEffectGraphs":true,"m_FxEnabled":true},"in2DMode":false,"pivot":{"x":60.03418731689453,"y":22.145051956176759,"z":-3.2364845275878908},"rotation":{"x":-0.023656615987420083,"y":-0.16777099668979646,"z":0.004039763938635588,"w":-0.9855935573577881},"size":3.184738874435425,"orthographic":false}