{"cameraMode":{"drawMode":0,"name":"Shaded","section":"Shading Mode"},"sceneLighting":true,"audioPlay":false,"sceneViewState":{"m_AlwaysRefresh":false,"showFog":true,"showSkybox":true,"showFlares":true,"showImageEffects":true,"showParticleSystems":true,"showVisualEffectGraphs":true,"m_FxEnabled":true},"in2DMode":false,"pivot":{"x":56.058101654052737,"y":20.876537322998048,"z":-4.466768264770508},"rotation":{"x":0.3869399428367615,"y":-0.027656564489006997,"z":0.011611411347985268,"w":0.9216152429580689},"size":56.01393508911133,"orthographic":true}