{"cameraMode":{"drawMode":0,"name":"Shaded","section":"Shading Mode"},"sceneLighting":true,"audioPlay":false,"sceneViewState":{"m_AlwaysRefresh":false,"showFog":true,"showSkybox":true,"showFlares":true,"showImageEffects":true,"showParticleSystems":true,"showVisualEffectGraphs":true,"m_FxEnabled":true},"in2DMode":false,"pivot":{"x":7.642390727996826,"y":2.2554550170898439,"z":4.012475490570068},"rotation":{"x":0.40354326367378237,"y":0.022243760526180269,"z":-0.009853767231106758,"w":0.9146648645401001},"size":180.33323669433595,"orthographic":true}