{"cameraMode":{"drawMode":0,"name":"Shaded","section":"Shading Mode"},"sceneLighting":true,"audioPlay":false,"sceneViewState":{"m_AlwaysRefresh":false,"showFog":true,"showSkybox":true,"showFlares":true,"showImageEffects":true,"showParticleSystems":true,"showVisualEffectGraphs":true,"m_FxEnabled":true},"in2DMode":false,"pivot":{"x":0.6625156402587891,"y":21.692049026489259,"z":-12.523394584655762},"rotation":{"x":0.35071492195129397,"y":0.6014854907989502,"z":-0.3312230408191681,"w":0.6367726922035217},"size":10.007475852966309,"orthographic":true}