{"cameraMode":{"drawMode":0,"name":"Shaded","section":"Shading Mode"},"sceneLighting":true,"audioPlay":false,"sceneViewState":{"m_AlwaysRefresh":false,"showFog":true,"showSkybox":true,"showFlares":true,"showImageEffects":true,"showParticleSystems":true,"showVisualEffectGraphs":true,"m_FxEnabled":true},"in2DMode":false,"pivot":{"x":43.032039642333987,"y":21.014904022216798,"z":-5.067058086395264},"rotation":{"x":0.21408966183662415,"y":0.04744806885719299,"z":-0.01044420525431633,"w":0.975699782371521},"size":3.6691079139709474,"orthographic":false}