{"cameraMode":{"drawMode":0,"name":"Shaded","section":"Shading Mode"},"sceneLighting":true,"audioPlay":false,"sceneViewState":{"m_AlwaysRefresh":false,"showFog":true,"showSkybox":true,"showFlares":true,"showImageEffects":true,"showParticleSystems":true,"showVisualEffectGraphs":true,"m_FxEnabled":true},"in2DMode":false,"pivot":{"x":58.438899993896487,"y":21.30030632019043,"z":-6.885344505310059},"rotation":{"x":-0.28462186455726626,"y":0.0034532288555055858,"z":-0.0009893804090097547,"w":-0.958682656288147},"size":1.7673336267471314,"orthographic":true}