{"cameraMode":{"drawMode":0,"name":"Shaded","section":"Shading Mode"},"sceneLighting":true,"audioPlay":false,"sceneViewState":{"m_AlwaysRefresh":false,"showFog":true,"showSkybox":true,"showFlares":true,"showImageEffects":true,"showParticleSystems":true,"showVisualEffectGraphs":true,"m_FxEnabled":true},"in2DMode":false,"pivot":{"x":-1.0459808111190797,"y":3.5229196548461916,"z":-4.523372650146484},"rotation":{"x":0.40169697999954226,"y":0.04970918595790863,"z":-0.021866390481591226,"w":0.9141923785209656},"size":3.8212738037109377,"orthographic":true}