{"cameraMode":{"drawMode":0,"name":"Shaded","section":"Shading Mode"},"sceneLighting":true,"audioPlay":false,"sceneViewState":{"m_AlwaysRefresh":false,"showFog":true,"showSkybox":true,"showFlares":true,"showImageEffects":true,"showParticleSystems":true,"showVisualEffectGraphs":true,"m_FxEnabled":true},"in2DMode":false,"pivot":{"x":17.318920135498048,"y":340.78594970703127,"z":-7.810252666473389},"rotation":{"x":0.6984080672264099,"y":-0.07985664159059525,"z":0.07890409231185913,"w":0.7068392634391785},"size":46.08138656616211,"orthographic":true}